{
    "color_coding": {
        "var_0": [
            0.4980392156862745,
            0.788235294117647,
            0.4980392156862745
        ],
        "var_1": [
            0.7450980392156863,
            0.6823529411764706,
            0.8313725490196079
        ],
        "var_2": [
            0.9921568627450981,
            0.7529411764705882,
            0.5254901960784314
        ],
        "var_3": [
            1.0,
            1.0,
            0.6
        ],
        "var_4": [
            0.2196078431372549,
            0.4235294117647059,
            0.6901960784313725
        ],
        "var_5": [
            0.9411764705882353,
            0.00784313725490196,
            0.4980392156862745
        ],
        "var_6": [
            0.7490196078431373,
            0.3568627450980392,
            0.09019607843137253
        ],
        "var_7": [
            0.4,
            0.4,
            0.4
        ],
        "var_8": [
            0.12156862745098039,
            0.4666666666666667,
            0.7058823529411765
        ],
        "var_9": [
            1.0,
            0.4980392156862745,
            0.054901960784313725
        ],
        "var_10": [
            0.17254901960784313,
            0.6274509803921569,
            0.17254901960784313
        ],
        "var_11": [
            0.8392156862745098,
            0.15294117647058825,
            0.1568627450980392
        ],
        "var_12": [
            0.5803921568627451,
            0.403921568627451,
            0.7411764705882353
        ],
        "var_13": [
            0.5490196078431373,
            0.33725490196078434,
            0.29411764705882354
        ],
        "var_14": [
            0.8901960784313725,
            0.4666666666666667,
            0.7607843137254902
        ],
        "var_15": [
            0.4980392156862745,
            0.4980392156862745,
            0.4980392156862745
        ],
        "var_16": [
            0.7372549019607844,
            0.7411764705882353,
            0.13333333333333333
        ],
        "var_17": [
            0.09019607843137255,
            0.7450980392156863,
            0.8117647058823529
        ],
        "var_18": [
            0.09019607843137255,
            0.7450980392156863,
            0.8117647058823529
        ],
        "var0": [
            0.4980392156862745,
            0.788235294117647,
            0.4980392156862745
        ],
        "var1": [
            0.7450980392156863,
            0.6823529411764706,
            0.8313725490196079
        ],
        "var2": [
            0.9921568627450981,
            0.7529411764705882,
            0.5254901960784314
        ],
        "var3": [
            1.0,
            1.0,
            0.6
        ],
        "var4": [
            0.2196078431372549,
            0.4235294117647059,
            0.6901960784313725
        ],
        "var5": [
            0.9411764705882353,
            0.00784313725490196,
            0.4980392156862745
        ],
        "var6": [
            0.7490196078431373,
            0.3568627450980392,
            0.09019607843137253
        ],
        "var7": [
            0.4,
            0.4,
            0.4
        ],
        "var8": [
            0.12156862745098039,
            0.4666666666666667,
            0.7058823529411765
        ],
        "var9": [
            1.0,
            0.4980392156862745,
            0.054901960784313725
        ],
        "var10": [
            0.17254901960784313,
            0.6274509803921569,
            0.17254901960784313
        ],
        "var11": [
            0.8392156862745098,
            0.15294117647058825,
            0.1568627450980392
        ],
        "var12": [
            0.5803921568627451,
            0.403921568627451,
            0.7411764705882353
        ],
        "var13": [
            0.5490196078431373,
            0.33725490196078434,
            0.29411764705882354
        ],
        "var14": [
            0.8901960784313725,
            0.4666666666666667,
            0.7607843137254902
        ],
        "var15": [
            0.4980392156862745,
            0.4980392156862745,
            0.4980392156862745
        ],
        "var16": [
            0.7372549019607844,
            0.7411764705882353,
            0.13333333333333333
        ],
        "var17": [
            0.09019607843137255,
            0.7450980392156863,
            0.8117647058823529
        ]
    },
    "var": [
        [
            0.4980392156862745,
            0.788235294117647,
            0.4980392156862745
        ],
        [
            0.7450980392156863,
            0.6823529411764706,
            0.8313725490196079
        ],
        [
            0.9921568627450981,
            0.7529411764705882,
            0.5254901960784314
        ],
        [
            1.0,
            1.0,
            0.6
        ],
        [
            0.2196078431372549,
            0.4235294117647059,
            0.6901960784313725
        ],
        [
            0.9411764705882353,
            0.00784313725490196,
            0.4980392156862745
        ],
        [
            0.7490196078431373,
            0.3568627450980392,
            0.09019607843137253
        ],
        [
            0.4,
            0.4,
            0.4
        ],
        [
            0.12156862745098039,
            0.4666666666666667,
            0.7058823529411765
        ],
        [
            1.0,
            0.4980392156862745,
            0.054901960784313725
        ],
        [
            0.17254901960784313,
            0.6274509803921569,
            0.17254901960784313
        ],
        [
            0.8392156862745098,
            0.15294117647058825,
            0.1568627450980392
        ],
        [
            0.5803921568627451,
            0.403921568627451,
            0.7411764705882353
        ],
        [
            0.5490196078431373,
            0.33725490196078434,
            0.29411764705882354
        ],
        [
            0.8901960784313725,
            0.4666666666666667,
            0.7607843137254902
        ],
        [
            0.4980392156862745,
            0.4980392156862745,
            0.4980392156862745
        ],
        [
            0.7372549019607844,
            0.7411764705882353,
            0.13333333333333333
        ],
        [
            0.09019607843137255,
            0.7450980392156863,
            0.8117647058823529
        ]
    ],
    "event": [
        "#1f77b4",
        "#ff7f0e",
        "#2ca02c",
        "#d62728",
        "#9467bd",
        "#8c564b",
        "#e377c2",
        "#7f7f7f",
        "#bcbd22",
        "#17becf",
        "#1f77b4",
        "#ff7f0e",
        "#2ca02c",
        "#d62728",
        "#9467bd",
        "#8c564b",
        "#e377c2",
        "#7f7f7f",
        "#bcbd22",
        "#17becf",
        "#1f77b4",
        "#ff7f0e",
        "#2ca02c",
        "#d62728",
        "#9467bd",
        "#8c564b",
        "#e377c2",
        "#7f7f7f",
        "#bcbd22",
        "#17becf",
        "#1f77b4",
        "#ff7f0e",
        "#2ca02c",
        "#d62728",
        "#9467bd",
        "#8c564b",
        "#e377c2",
        "#7f7f7f",
        "#bcbd22",
        "#17becf"
    ],
    "_ordered_quantities": []
}