{
    "color_coding": {
        "v": [
            0.4980392156862745,
            0.788235294117647,
            0.4980392156862745
        ],
        "u": [
            0.7450980392156863,
            0.6823529411764706,
            0.8313725490196079
        ],
        "a_in": [
            0.9921568627450981,
            0.7529411764705882,
            0.5254901960784314
        ],
        "spikes": "#1f77b4"
    },
    "var": [
        [
            1.0,
            1.0,
            0.6
        ],
        [
            0.2196078431372549,
            0.4235294117647059,
            0.6901960784313725
        ],
        [
            0.9411764705882353,
            0.00784313725490196,
            0.4980392156862745
        ],
        [
            0.7490196078431373,
            0.3568627450980392,
            0.09019607843137253
        ],
        [
            0.4,
            0.4,
            0.4
        ],
        [
            0.12156862745098039,
            0.4666666666666667,
            0.7058823529411765
        ],
        [
            1.0,
            0.4980392156862745,
            0.054901960784313725
        ],
        [
            0.17254901960784313,
            0.6274509803921569,
            0.17254901960784313
        ],
        [
            0.8392156862745098,
            0.15294117647058825,
            0.1568627450980392
        ],
        [
            0.5803921568627451,
            0.403921568627451,
            0.7411764705882353
        ],
        [
            0.5490196078431373,
            0.33725490196078434,
            0.29411764705882354
        ],
        [
            0.8901960784313725,
            0.4666666666666667,
            0.7607843137254902
        ],
        [
            0.4980392156862745,
            0.4980392156862745,
            0.4980392156862745
        ],
        [
            0.7372549019607844,
            0.7411764705882353,
            0.13333333333333333
        ],
        [
            0.09019607843137255,
            0.7450980392156863,
            0.8117647058823529
        ]
    ],
    "event": [
        "#ff7f0e",
        "#2ca02c",
        "#d62728",
        "#9467bd",
        "#8c564b",
        "#e377c2",
        "#7f7f7f",
        "#bcbd22",
        "#17becf"
    ],
    "_ordered_quantities": [
        "spikes"
    ]
}